City_ID,City,Country,Date,Lat,Lng,Max Temp,Humidity,Cloudiness,Wind Speed
0,Bluff,NZ,2022-12-21 04:05:09,-46.6,168.3333,56.07,72,99,20.04
1,Madison,US,2022-12-21 04:07:07,34.7334,-86.5667,40.46,89,0,0.0
2,Busselton,AU,2022-12-21 04:06:16,-33.65,115.3333,83.59,33,47,3.42
3,Mahanoro,MG,2022-12-21 04:10:37,-19.9,48.8,74.23,96,100,4.27
4,Bredasdorp,ZA,2022-12-21 04:06:16,-34.5322,20.0403,60.08,66,17,8.46
5,Barcelos,PT,2022-12-21 04:07:27,41.5388,-8.6151,60.94,94,94,7.92
6,Kapaa,US,2022-12-21 04:03:53,22.0752,-159.319,75.18,74,9,9.1
7,Mugur-Aksy,RU,2022-12-21 04:10:38,50.35,90.5,14.76,85,76,5.23
8,Kieta,PG,2022-12-21 04:10:38,-6.2167,155.6333,84.45,72,100,4.43
9,Hobart,AU,2022-12-21 04:00:17,-42.8794,147.3294,70.23,60,75,10.36
10,Constitucion,CL,2022-12-21 04:10:38,-35.3333,-72.4167,56.95,91,0,4.12
11,Antalaha,MG,2022-12-21 04:10:39,-14.9003,50.2788,74.97,80,87,2.35
12,Hamilton,US,2022-12-21 04:05:56,39.1834,-84.5333,33.76,77,0,1.01
13,Soe,ID,2022-12-21 04:10:39,-9.8607,124.284,67.01,96,100,4.9
14,Bereda,ES,2022-12-21 04:10:40,43.2686,-7.5406,55.42,89,100,9.69
15,Rikitea,PF,2022-12-21 04:03:48,-23.1203,-134.9692,76.64,86,36,18.28
16,Mataura,NZ,2022-12-21 04:03:54,-46.1927,168.8643,61.92,57,93,7.09
17,Portland,US,2022-12-21 04:09:52,45.5234,-122.6762,47.43,92,100,6.91
18,Hermanus,ZA,2022-12-21 04:03:54,-34.4187,19.2345,57.79,69,7,13.82
19,Sao Francisco De Paula,BR,2022-12-21 04:10:40,-29.4481,-50.5836,59.68,92,61,3.83
20,Neiafu,TO,2022-12-21 04:10:41,-18.65,-173.9833,84.88,79,20,6.91
21,Geraldton,AU,2022-12-21 04:10:41,-28.7667,114.6,93.61,26,0,16.11
22,Hilo,US,2022-12-21 04:05:04,19.7297,-155.09,75.25,85,20,3.44
23,Narsaq,GL,2022-12-21 04:05:10,60.9167,-46.05,8.82,61,0,9.15
24,Avarua,CK,2022-12-21 04:03:49,-21.2078,-159.775,75.25,88,75,2.3
25,College,US,2022-12-21 04:10:42,64.8569,-147.8028,-34.65,69,0,4.61
26,Atuona,PF,2022-12-21 04:03:59,-9.8,-139.0333,78.48,79,11,22.12
27,Port Elizabeth,ZA,2022-12-21 04:06:14,-33.918,25.5701,61.32,97,100,3.0
28,Bukachacha,RU,2022-12-21 04:10:42,52.9833,116.9167,-6.38,71,17,3.96
29,Vila Velha,BR,2022-12-21 04:10:06,-20.3297,-40.2925,75.15,97,100,8.05
30,Korsakov,RU,2022-12-21 04:10:42,46.6328,142.7813,19.24,63,29,11.54
31,Verkhnevilyuysk,RU,2022-12-21 04:10:43,63.4453,120.3167,-39.08,100,70,1.68
32,Kaitangata,NZ,2022-12-21 04:06:20,-46.2817,169.8464,54.39,75,100,12.33
33,Vao,NC,2022-12-21 04:07:33,-22.6667,167.4833,73.53,80,100,16.71
34,Punta Arenas,CL,2022-12-21 04:00:18,-53.15,-70.9167,57.11,54,81,5.73
35,Biskamzha,RU,2022-12-21 04:10:43,53.4497,89.5272,17.78,88,100,0.25
36,Saint John,CA,2022-12-21 04:09:07,45.2727,-66.0677,33.03,100,100,6.91
37,Pevek,RU,2022-12-21 04:08:48,69.7008,170.3133,14.02,61,94,11.01
38,Yellowknife,CA,2022-12-21 04:00:15,62.456,-114.3525,-23.55,100,100,6.15
39,Tuatapere,NZ,2022-12-21 04:06:21,-46.1333,167.6833,64.31,55,24,10.6
40,Catamarca,AR,2022-12-21 04:10:44,-28.4696,-65.7852,78.58,51,27,8.72
41,Barrow,US,2022-12-21 04:06:18,71.2906,-156.7887,-12.98,84,0,6.91
42,Taoudenni,ML,2022-12-21 04:10:44,22.6783,-3.9836,63.68,34,0,13.69
43,Ilulissat,GL,2022-12-21 04:10:45,69.2167,-51.1,17.62,41,41,4.61
44,Karanja,IN,2022-12-21 04:10:45,20.4833,77.4833,73.99,29,71,7.02
45,Sao Filipe,CV,2022-12-21 04:03:57,14.8961,-24.4956,76.32,62,3,12.08
46,La Ronge,CA,2022-12-21 04:11:46,55.1001,-105.2842,-6.79,96,99,5.26
47,Nuuk,GL,2022-12-21 04:10:13,64.1835,-51.7216,15.84,76,13,5.77
48,North Bend,US,2022-12-21 04:11:46,43.4065,-124.2243,53.92,95,100,11.5
49,Vaini,TO,2022-12-21 04:03:47,-21.2,-175.2,81.61,78,4,12.35
50,Tessalit,ML,2022-12-21 04:11:46,20.1986,1.0114,61.63,33,0,10.04
51,Ialibu,PG,2022-12-21 04:11:47,-6.2821,143.9935,64.76,92,95,2.46
52,Albany,US,2022-12-21 04:00:16,42.6001,-73.9662,21.88,95,40,3.76
53,Katsuura,JP,2022-12-21 04:11:47,35.1333,140.3,54.18,63,90,12.75
54,Malkangiri,IN,2022-12-21 04:11:48,18.35,81.9,75.25,32,75,1.77
55,Ushuaia,AR,2022-12-21 04:02:03,-54.8,-68.3,55.06,58,0,17.27
56,Farmington,US,2022-12-21 04:10:50,36.7281,-108.2187,34.2,42,20,5.75
57,Lensk,RU,2022-12-21 04:11:48,60.7253,114.9278,-14.3,93,80,3.22
58,Koslan,RU,2022-12-21 04:11:48,63.4564,48.8989,-18.58,100,96,1.66
59,Cacu,BR,2022-12-21 04:11:49,-18.5567,-51.1308,71.24,89,78,1.45
60,Kodiak,US,2022-12-21 04:00:48,57.79,-152.4072,26.11,74,100,4.61
61,Zhezkazgan,KZ,2022-12-21 04:11:49,47.8043,67.7144,17.58,93,100,17.9
62,Nhulunbuy,AU,2022-12-21 04:11:49,-12.2333,136.7667,81.21,89,75,4.61
63,Nouadhibou,MR,2022-12-21 04:11:50,20.931,-17.0347,66.11,51,0,17.38
64,Scarborough,GB,2022-12-21 04:08:48,54.2797,-0.4044,44.17,88,100,8.99
65,Cabo San Lucas,MX,2022-12-21 04:07:07,22.8909,-109.9124,72.52,65,90,3.09
66,Laguna,US,2022-12-21 04:11:50,38.421,-121.4238,48.18,83,0,4.61
67,Belle Fourche,US,2022-12-21 04:11:51,44.6714,-103.8522,-4.68,61,100,8.68
68,Curvelo,BR,2022-12-21 04:11:51,-18.7564,-44.4308,66.47,97,100,7.18
69,Trat,TH,2022-12-21 04:11:51,12.5,102.5,86.92,54,62,11.05
70,Victoria,HK,2022-12-21 04:03:46,22.2855,114.1577,69.24,45,100,11.99
71,Trincomalee,LK,2022-12-21 04:11:52,8.5711,81.2335,78.24,85,100,15.9
72,Hervey Bay,AU,2022-12-21 04:11:52,-25.2986,152.8535,74.82,57,24,17.96
73,Ninghai,CN,2022-12-21 04:11:52,29.2892,121.4247,54.1,47,26,13.24
74,Khatanga,RU,2022-12-21 04:05:06,71.9667,102.5,-23.78,79,1,16.69
75,Port Macquarie,AU,2022-12-21 04:11:24,-31.4333,152.9167,69.89,53,12,13.58
76,Kibaya,TZ,2022-12-21 04:11:53,-5.3,36.5667,61.45,90,100,3.58
77,Butaritari,KI,2022-12-21 04:05:10,3.0707,172.7902,82.15,79,100,17.13
78,Thinadhoo,MV,2022-12-21 04:11:53,0.5333,72.9333,81.05,75,100,11.07
79,Lorengau,PG,2022-12-21 04:09:54,-2.0226,147.2712,85.35,67,39,5.39
80,Bilibino,RU,2022-12-21 04:11:54,68.0546,166.4372,5.09,78,1,6.46
81,Castro,BR,2022-12-21 04:07:29,-24.7911,-50.0119,56.48,95,93,4.5
82,Pathein,MM,2022-12-21 04:11:54,16.7833,94.7333,84.67,55,12,4.74
83,Saint-Philippe,RE,2022-12-21 04:05:02,-21.3585,55.7679,80.19,78,95,7.94
84,Sangar,RU,2022-12-21 04:11:54,63.9242,127.4739,-24.48,93,100,1.86
85,Montes Altos,BR,2022-12-21 04:11:55,-5.8333,-47.0667,71.26,94,33,1.43
86,Pangody,RU,2022-12-21 04:11:55,65.85,74.4859,-20.72,95,100,12.19
87,Muli,MV,2022-12-21 04:11:55,2.9167,73.5667,78.01,89,100,20.6
88,Santa Maria Da Vitoria,BR,2022-12-21 04:12:56,-13.3947,-44.1886,69.04,95,99,3.67
89,Cape Town,ZA,2022-12-21 03:59:59,-33.9258,18.4232,63.1,71,0,23.02
90,Inhambane,MZ,2022-12-21 04:08:51,-23.865,35.3833,77.18,76,15,12.46
91,Calvinia,ZA,2022-12-21 04:12:56,-31.4707,19.776,61.83,62,0,10.25
92,Groningen,NL,2022-12-21 04:12:56,53.25,6.75,44.13,96,100,5.75
93,Den Helder,NL,2022-12-21 04:12:57,52.9599,4.7593,42.03,100,100,8.05
94,Praia Da Vitoria,PT,2022-12-21 04:12:57,38.7333,-27.0667,63.75,99,99,15.73
95,Taltal,CL,2022-12-21 04:07:37,-25.4,-70.4833,68.56,77,3,4.54
96,Sinnai,IT,2022-12-21 04:12:58,39.3042,9.2036,50.47,74,20,5.75
97,Veraval,IN,2022-12-21 04:12:58,20.9,70.3667,76.91,30,4,11.1
98,Wyndham,US,2022-12-21 04:12:58,37.6985,-77.6125,27.95,81,0,0.0
99,Sheridan,US,2022-12-21 04:09:47,44.8333,-106.9173,11.32,79,0,3.44
100,Leningradskiy,RU,2022-12-21 04:12:59,69.3833,178.4167,1.29,84,4,11.16
101,Saskylakh,RU,2022-12-21 04:05:01,71.9167,114.0833,-32.78,96,76,6.44
102,Sukumo,JP,2022-12-21 04:12:59,32.9333,132.7333,53.24,76,83,7.38
103,Roma,US,2022-12-21 04:00:14,43.2128,-75.4557,10.15,97,37,2.59
104,Nikolskoye,RU,2022-12-21 04:03:55,59.7035,30.7861,22.91,96,100,8.39
105,Izumo,JP,2022-12-21 04:12:59,35.3667,132.7667,42.6,86,100,10.54
106,Mehamn,NO,2022-12-21 04:13:00,71.0357,27.8492,24.71,80,75,10.36
107,Bengkulu,ID,2022-12-21 04:05:07,-3.8004,102.2655,84.96,64,77,8.16
108,Solnechnyy,RU,2022-12-21 04:13:00,50.7214,136.6319,-3.19,87,66,2.84
109,Saint-Georges,GD,2022-12-21 04:13:00,12.0564,-61.7485,76.98,83,3,12.88
110,Vitim,RU,2022-12-21 04:13:01,59.4511,112.5578,-16.4,93,82,3.02
111,Port Alfred,ZA,2022-12-21 04:05:11,-33.5906,26.891,60.19,95,100,7.0
112,Arraial Do Cabo,BR,2022-12-21 04:07:35,-22.9661,-42.0278,71.33,90,100,16.53
113,Isangel,VU,2022-12-21 04:06:18,-19.55,169.2667,84.25,66,15,3.15
114,Tuktoyaktuk,CA,2022-12-21 04:03:49,69.4541,-133.0374,-14.71,99,99,9.28
115,Ribeira Grande,PT,2022-12-21 04:06:26,38.5167,-28.7,64.78,96,100,17.0
116,Tual,ID,2022-12-21 04:13:01,-5.6667,132.75,80.83,81,100,14.38
117,Muros,ES,2022-12-21 04:13:02,42.7762,-9.0603,60.84,84,100,18.88
118,Saint George,US,2022-12-21 04:07:32,37.1041,-113.5841,39.94,56,0,1.99
119,Pionerskiy,RU,2022-12-21 04:13:02,54.9508,20.2275,37.24,85,100,19.86
120,Verkhnyaya Inta,RU,2022-12-21 04:13:03,65.9811,60.3094,-20.27,100,41,1.28
121,Nome,US,2022-12-21 04:13:03,64.5011,-165.4064,8.67,61,0,12.66
122,Olinda,BR,2022-12-21 04:13:03,-8.0089,-34.8553,80.33,69,75,4.61
123,San Patricio,US,2022-12-21 04:07:20,28.017,-97.5169,55.83,76,100,9.86
124,Thompson,CA,2022-12-21 04:05:09,55.7435,-97.8558,-3.12,88,100,9.93
125,New Norfolk,AU,2022-12-21 04:08:45,-42.7826,147.0587,69.89,37,91,1.99
126,Ballina,AU,2022-12-21 04:03:50,-28.8667,153.5667,74.79,67,67,10.49
127,Fort Payne,US,2022-12-21 04:13:04,34.4442,-85.7197,40.91,75,100,0.0
128,Borogontsy,RU,2022-12-21 04:12:17,62.6683,131.1683,-21.3,95,100,0.76
129,Lata,PT,2022-12-21 04:13:04,40.1629,-8.3327,57.92,98,99,4.81
130,Pangnirtung,CA,2022-12-21 04:05:03,66.1451,-65.7125,4.21,80,32,3.94
131,Tuy Hoa,VN,2022-12-21 04:05:08,13.0833,109.3,76.23,83,100,15.84
132,Aksu,CN,2022-12-21 04:13:05,41.1231,80.2644,26.26,37,24,1.12
133,Bontang,ID,2022-12-21 04:13:05,0.1333,117.5,85.69,67,100,6.93
134,Carnarvon,AU,2022-12-21 04:07:38,-24.8667,113.6333,81.61,56,0,16.22
135,Taormina,IT,2022-12-21 04:13:06,37.8536,15.2885,54.21,66,4,4.38
136,Sinnamary,GF,2022-12-21 04:13:06,5.3833,-52.95,77.02,83,100,9.82
137,Tromso,NO,2022-12-21 04:13:06,69.6496,18.957,24.82,80,100,13.8
138,Porto Novo,BJ,2022-12-21 04:14:07,6.4965,2.6036,73.98,85,61,3.78
139,Cidreira,BR,2022-12-21 04:14:07,-30.1811,-50.2056,69.91,84,18,14.12
140,Jamestown,US,2022-12-21 04:14:07,42.097,-79.2353,26.71,97,75,4.61
141,Great Falls,US,2022-12-21 04:12:58,47.5002,-111.3008,-14.33,80,100,6.91
142,Casablanca,MA,2022-12-21 04:10:23,33.5928,-7.6192,50.22,57,37,5.41
143,Clermont,FR,2022-12-21 04:14:08,49.5,2.4167,47.71,97,88,7.49
144,Pangkalanbuun,ID,2022-12-21 04:12:59,-2.6833,111.6167,92.19,50,100,2.98
145,San Cristobal,VE,2022-12-21 04:14:08,7.7669,-72.225,68.18,84,55,1.23
146,Sao Felix Do Xingu,BR,2022-12-21 04:14:09,-6.6447,-51.995,71.35,99,100,0.69
147,Envira,BR,2022-12-21 04:09:21,-7.3,-70.2167,70.16,99,100,1.99
148,Clyde River,CA,2022-12-21 04:14:09,70.4692,-68.5914,-18.54,96,70,6.49
149,San Angelo,US,2022-12-21 04:10:45,31.4638,-100.437,43.54,81,64,7.0
150,Dingle,PH,2022-12-21 04:14:09,10.9995,122.6711,82.44,81,96,8.23
151,Eyl,SO,2022-12-21 04:14:10,7.9803,49.8164,76.01,78,18,17.85
152,Aden,YE,2022-12-21 04:14:10,12.7794,45.0367,77.16,68,3,16.51
153,Tasiilaq,GL,2022-12-21 04:06:24,65.6145,-37.6368,12.36,55,7,3.27
154,Urumqi,CN,2022-12-21 04:14:01,43.801,87.6005,-1.25,85,7,2.24
155,Pervomayskiy,RU,2022-12-21 04:14:10,53.2485,40.2871,24.17,97,93,4.41
156,Norman Wells,CA,2022-12-21 04:06:16,65.282,-126.8329,-41.76,66,40,2.3
157,Maceio,BR,2022-12-21 04:14:11,-9.6658,-35.7353,74.64,94,40,4.61
158,Ancud,CL,2022-12-21 04:06:24,-41.8697,-73.8203,57.78,93,78,9.4
159,Ola,RU,2022-12-21 04:14:11,59.5833,151.2833,19.35,78,100,11.92
160,Zyryanka,RU,2022-12-21 04:14:12,65.75,150.85,-4.99,98,100,6.42
161,Esperance,AU,2022-12-21 04:06:25,-33.8667,121.9,70.54,61,13,15.17
162,Aktau,KZ,2022-12-21 04:14:12,43.65,51.2,21.78,72,17,6.73
163,Bakel,SN,2022-12-21 04:14:12,14.905,-12.4568,70.54,18,0,12.33
164,Hithadhoo,MV,2022-12-21 04:05:01,-0.6,73.0833,80.67,70,100,11.18
165,Mogadishu,SO,2022-12-21 04:14:13,2.0371,45.3438,78.44,85,81,12.17
166,Severo-Kurilsk,RU,2022-12-21 04:14:13,50.6789,156.125,32.5,95,100,12.88
167,Ponta Do Sol,PT,2022-12-21 04:14:13,32.6667,-17.1,68.72,84,89,1.59
168,Fortuna,US,2022-12-21 04:14:14,40.5982,-124.1573,52.14,94,100,5.01
169,Ponta Delgada,PT,2022-12-21 04:14:14,37.7333,-25.6667,67.5,94,75,12.66
170,Jaisalmer,IN,2022-12-21 04:13:58,26.9147,70.9181,64.62,21,0,6.76
171,Hofn,IS,2022-12-21 04:14:15,64.2539,-15.2082,33.6,71,100,39.44
172,Ahipara,NZ,2022-12-21 04:14:15,-35.1667,173.1667,69.48,72,30,9.51
173,Lompoc,US,2022-12-21 04:07:30,34.6391,-120.4579,48.78,91,51,8.84
174,Faanui,PF,2022-12-21 04:10:00,-16.4833,-151.75,81.12,76,63,18.21
175,Cranbrook,CA,2022-12-21 04:13:35,49.4999,-115.7688,-6.5,99,100,2.26
176,Yarim,YE,2022-12-21 04:14:15,14.298,44.3779,47.39,47,23,1.83
177,Chuy,UY,2022-12-21 04:14:16,-33.6971,-53.4616,63.81,92,0,7.02
178,Salalah,OM,2022-12-21 04:10:03,17.0151,54.0924,70.88,28,76,12.68
179,Naze,JP,2022-12-21 04:06:17,28.3667,129.4833,63.72,74,100,15.28
180,Alice Springs,AU,2022-12-21 04:14:16,-23.7,133.8833,92.75,33,92,12.66
181,Puerto Ayora,EC,2022-12-21 04:14:17,-0.7393,-90.3518,71.55,96,45,4.92
182,Knysna,ZA,2022-12-21 04:12:29,-34.0363,23.0471,58.75,76,59,3.74
183,Aksarka,RU,2022-12-21 04:14:17,66.5606,67.7975,-16.11,93,99,8.19
184,Shimabara,JP,2022-12-21 04:14:17,32.7833,130.3667,43.9,92,100,5.64
185,Manta,EC,2022-12-21 04:15:18,-0.95,-80.7333,73.69,81,61,6.2
186,Preobrazheniye,RU,2022-12-21 04:15:18,42.9019,133.9064,29.37,88,99,6.98
187,Teguise,ES,2022-12-21 04:15:18,29.0605,-13.564,59.22,59,0,8.05
188,Bathsheba,BB,2022-12-21 04:15:19,13.2167,-59.5167,79.41,93,40,24.16
189,Bambanglipuro,ID,2022-12-21 04:15:19,-7.95,110.2833,86.54,62,36,8.23
190,Omboue,GA,2022-12-21 04:15:19,-1.5746,9.2618,74.93,91,100,2.28
191,Los Andes,CL,2022-12-21 04:09:59,-32.8337,-70.5983,66.0,44,0,1.19
192,Kulhudhuffushi,MV,2022-12-21 04:15:20,6.6221,73.07,80.58,73,97,2.8
193,Coahuayana,MX,2022-12-21 04:15:20,18.7333,-103.6833,71.08,74,100,3.04
194,Palembang,ID,2022-12-21 04:15:20,-2.9167,104.7458,84.29,79,40,8.05
195,Shache,CN,2022-12-21 04:15:21,38.4167,77.2406,29.35,33,8,1.77
196,Upernavik,GL,2022-12-21 04:13:14,72.7868,-56.1549,8.71,96,100,14.34
197,Salem,IN,2022-12-21 04:11:18,11.65,78.1667,75.4,64,40,9.22
198,Kailua,US,2022-12-21 04:15:21,21.4022,-157.7394,75.18,76,0,4.0
199,Doha,QA,2022-12-21 04:15:08,25.2867,51.5333,69.78,68,28,1.14
200,Orbetello,IT,2022-12-21 04:15:22,42.4408,11.2196,50.88,86,100,5.39
201,Bambous Virieux,MU,2022-12-21 04:08:45,-20.3428,57.7575,80.85,65,40,6.91
202,Namibe,AO,2022-12-21 04:09:53,-15.1961,12.1522,67.15,78,46,4.5
203,Klaksvik,FO,2022-12-21 04:15:22,62.2266,-6.589,41.92,82,99,7.78
204,Nago,JP,2022-12-21 04:15:23,26.5881,127.9761,66.45,93,95,7.83
205,Malanje,AO,2022-12-21 04:15:23,-9.5402,16.341,60.98,98,100,2.42
206,Altay,CN,2022-12-21 04:15:23,47.8667,88.1167,17.53,74,22,3.91
207,Airai,TL,2022-12-21 04:10:05,-8.9266,125.4092,63.99,87,100,3.58
208,Cayenne,GF,2022-12-21 04:15:24,4.9333,-52.3333,73.44,94,75,0.0
209,Swan River,CA,2022-12-21 04:15:24,52.1058,-101.2676,-19.75,97,99,4.05
210,Eirunepe,BR,2022-12-21 04:13:11,-6.6603,-69.8736,70.93,99,100,1.25
211,Maldonado,UY,2022-12-21 04:15:24,-34.6667,-54.9167,62.22,94,0,7.0
212,Haines Junction,CA,2022-12-21 04:15:25,60.7522,-137.5108,-34.65,67,100,1.14
213,Marinette,US,2022-12-21 04:15:25,45.1,-87.6307,9.09,78,0,11.01
214,Cherskiy,RU,2022-12-21 04:07:37,68.75,161.3,14.95,76,10,6.33
215,Botelhos,BR,2022-12-21 04:15:25,-21.6333,-46.395,60.24,97,1,1.72
216,Treinta Y Tres,UY,2022-12-21 04:15:26,-33.2333,-54.3833,58.75,97,0,6.78
217,Riosucio,CO,2022-12-21 04:15:26,5.4216,-75.7032,57.07,97,86,1.03
218,Santa Rosa,PH,2022-12-21 04:15:26,14.3122,121.1114,88.09,69,63,5.68
219,Tupelo,US,2022-12-21 04:15:02,34.2576,-88.7034,42.62,90,0,6.91
220,Georgetown,MY,2022-12-21 04:14:16,5.4112,100.3354,84.13,77,20,6.91
221,Araceli,PH,2022-12-21 04:15:27,10.5529,119.9913,80.92,81,91,15.08
222,Chopinzinho,BR,2022-12-21 04:15:27,-25.8558,-52.5233,58.75,91,0,6.29
223,Honiara,SB,2022-12-21 04:15:22,-9.4333,159.95,85.28,74,100,4.21
224,Yulara,AU,2022-12-21 04:15:28,-25.2406,130.9889,93.7,21,100,6.49
225,Sitka,US,2022-12-21 04:06:15,57.0531,-135.33,19.29,58,0,5.75
226,Udachnyy,RU,2022-12-21 04:15:28,66.4167,112.4,-41.57,100,77,4.94
227,Qaanaaq,GL,2022-12-21 04:12:44,77.484,-69.3632,-18.49,72,29,5.59
228,Hualmay,PE,2022-12-21 04:15:29,-11.0964,-77.6139,69.89,87,100,6.8
229,Les Cayes,HT,2022-12-21 04:15:29,18.2,-73.75,72.9,83,1,3.62
230,Nanortalik,GL,2022-12-21 04:16:29,60.1432,-45.2371,21.22,51,0,5.46
231,Healdsburg,US,2022-12-21 04:16:30,38.6105,-122.8692,51.24,82,75,0.0
232,Ust-Kuyga,RU,2022-12-21 04:12:13,70.0167,135.6,-21.8,100,99,6.8
233,Santa Isabel Do Rio Negro,BR,2022-12-21 04:16:30,-0.4139,-65.0192,73.24,97,100,1.3
234,Tyrma,RU,2022-12-21 04:16:30,50.0833,132.1667,-8.25,85,92,0.6
235,Zeya,RU,2022-12-21 04:16:31,53.75,127.2667,-12.41,85,88,1.36
236,Statesville,US,2022-12-21 04:15:52,35.7826,-80.8873,38.39,56,40,0.0
237,Cedar City,US,2022-12-21 04:16:31,37.6775,-113.0619,32.97,55,20,9.22
238,Kudahuvadhoo,MV,2022-12-21 04:16:31,2.6708,72.8944,78.44,81,100,18.57
239,Grindavik,IS,2022-12-21 04:16:32,63.8424,-22.4338,30.67,69,75,27.63
240,Touros,BR,2022-12-21 04:16:32,-5.1989,-35.4608,77.5,82,14,8.66
241,Torbay,CA,2022-12-21 04:16:32,47.6666,-52.7314,35.58,87,75,21.99
242,Atar,MR,2022-12-21 04:13:56,20.5169,-13.0499,61.12,37,0,11.12
243,Pyinmana,MM,2022-12-21 04:16:33,19.7333,96.2167,83.68,54,29,2.89
244,East London,ZA,2022-12-21 04:13:57,-33.0153,27.9116,63.46,74,100,4.29
245,Digras,IN,2022-12-21 04:16:33,20.1167,77.7167,73.87,30,83,5.73
246,Yumen,CN,2022-12-21 04:16:34,40.2833,97.2,22.59,55,0,19.51
247,Berlevag,NO,2022-12-21 04:16:34,70.8578,29.0864,24.75,63,75,12.66
248,Flinders,AU,2022-12-21 04:16:34,-34.5833,150.8552,73.06,59,13,10.09
249,Zima,RU,2022-12-21 04:16:34,53.9202,102.0442,8.19,93,100,8.59
250,Saldanha,ZA,2022-12-21 04:16:35,-33.0117,17.9442,61.75,79,0,13.62
251,Talnakh,RU,2022-12-21 04:16:27,69.4865,88.3972,-20.79,98,100,6.04
252,Bonfim,BR,2022-12-21 04:16:35,3.0833,-59.95,73.42,95,100,10.76
253,Isabela,PH,2022-12-21 04:16:35,6.7085,121.9711,84.25,71,47,6.2
254,Adre,TD,2022-12-21 04:16:36,13.4667,22.2,62.83,41,20,11.07
255,Port Blair,IN,2022-12-21 04:16:36,11.6667,92.75,84.24,70,20,11.5
256,Yantai,CN,2022-12-21 04:16:36,37.5333,121.4,33.1,52,11,18.07
257,La Rioja,ES,2022-12-21 04:16:37,42.25,-2.5,33.58,86,25,5.73
258,Padang,ID,2022-12-21 04:16:37,-0.9492,100.3543,86.05,64,89,5.88
259,Diu,IN,2022-12-21 04:12:24,20.7141,70.9822,79.32,25,3,7.9
260,Sao Joao Da Barra,BR,2022-12-21 04:16:37,-21.6403,-41.0511,72.61,95,100,7.56
261,Honningsvag,NO,2022-12-21 04:16:38,70.9821,25.9704,26.35,68,100,8.05
262,Illapel,CL,2022-12-21 04:16:38,-31.6308,-71.1653,67.32,49,0,2.95
263,Kentau,KZ,2022-12-21 04:16:38,43.5206,68.5094,28.35,82,69,6.15
264,Uravakonda,IN,2022-12-21 04:16:39,14.95,77.2667,72.19,62,90,9.04
265,Tiksi,RU,2022-12-21 04:16:39,71.6872,128.8694,-11.27,100,100,3.56
266,Seoul,KR,2022-12-21 04:14:12,37.5683,126.9778,36.84,100,97,1.25
267,Camacha,PT,2022-12-21 04:16:39,33.0833,-16.3333,60.22,94,20,2.3
268,Saint Anthony,US,2022-12-21 04:15:07,45.0205,-93.218,-4.85,75,0,11.5
269,Richards Bay,ZA,2022-12-21 04:16:40,-28.783,32.0377,67.51,90,100,12.24
270,Samdrup Jongkhar,BT,2022-12-21 04:16:40,26.9167,91.6167,65.17,47,67,3.67
271,Conceicao Do Araguaia,BR,2022-12-21 04:16:40,-8.2578,-49.2647,72.79,95,100,1.25
272,Arandis,NA,2022-12-21 04:16:41,-22.4167,14.9667,54.9,78,1,1.81
273,Betare Oya,CM,2022-12-21 04:16:41,5.6,14.0833,65.25,32,31,4.09
274,Baykit,RU,2022-12-21 04:16:42,61.67,96.37,-10.23,98,100,2.46
275,Provideniya,RU,2022-12-21 04:17:42,64.3833,-173.3,21.31,63,0,26.84
276,Vila,PT,2022-12-21 04:12:47,42.0304,-8.1588,49.08,89,98,7.36
277,Souillac,MU,2022-12-21 04:17:42,-20.5167,57.5167,80.98,65,40,6.91
278,Rawson,AR,2022-12-21 04:17:43,-43.3002,-65.1023,67.69,70,53,21.83
279,Lavrentiya,RU,2022-12-21 04:17:43,65.5833,-171.0,11.52,90,3,12.12
280,Iqaluit,CA,2022-12-21 04:17:43,63.7506,-68.5145,-4.27,76,20,12.66
281,Jardim,BR,2022-12-21 04:17:43,-21.4803,-56.1381,71.47,78,46,3.74
282,Buinsk,RU,2022-12-21 04:17:44,54.95,48.2833,1.72,100,94,2.04
283,Churachandpur,IN,2022-12-21 04:17:44,24.3333,93.6667,67.78,49,89,0.96
284,Ust-Maya,RU,2022-12-21 04:17:44,60.4167,134.5333,-20.06,93,100,0.83
285,Aubenas,FR,2022-12-21 04:17:45,44.6201,4.3899,53.46,98,100,1.23
286,Guerrero Negro,MX,2022-12-21 04:17:45,27.9769,-114.0611,59.23,72,59,11.25
287,Eidsvag,NO,2022-12-21 04:17:45,62.7767,8.0668,33.85,80,97,8.63
288,Harur,IN,2022-12-21 04:17:46,12.0667,78.5,72.66,76,82,4.05
289,Berdigestyakh,RU,2022-12-21 04:17:46,62.0989,126.6992,-21.82,96,100,2.82
290,Vostok,RU,2022-12-21 04:17:46,46.4856,135.8833,10.96,72,46,1.12
291,Vizinga,RU,2022-12-21 04:17:47,61.0749,50.1031,-13.31,100,66,1.77
292,Mar Del Plata,AR,2022-12-21 04:17:47,-38.0023,-57.5575,69.87,88,5,23.0
293,Itoman,JP,2022-12-21 04:17:47,26.1247,127.6694,66.4,100,75,5.75
294,Sorland,NO,2022-12-21 04:17:48,67.667,12.6934,33.66,90,100,11.74
295,Sarankhola,BD,2022-12-21 04:17:48,22.3082,89.7897,75.88,50,12,5.86
296,Sivas,TR,2022-12-21 04:17:48,39.7916,37.0019,21.83,93,40,3.44
297,Bolobo,CD,2022-12-21 04:17:49,-2.1667,16.2333,71.62,93,100,2.37
298,Mount Isa,AU,2022-12-21 04:17:49,-20.7333,139.5,91.17,38,76,9.22
299,Parczew,PL,2022-12-21 04:17:49,51.6402,22.9006,34.41,85,100,9.84
300,Pokosnoye,RU,2022-12-21 04:17:50,55.5258,101.0536,9.54,94,100,9.15
301,Yerbogachen,RU,2022-12-21 04:17:50,61.2767,108.0108,-22.13,98,59,3.91
302,Imperia,IT,2022-12-21 04:17:50,43.9667,7.7833,49.95,89,100,5.01
303,Clifton Springs,AU,2022-12-21 04:17:50,-38.15,144.5667,85.77,50,100,12.66
304,Celestun,MX,2022-12-21 04:17:51,20.8667,-90.4,75.4,82,7,10.94
305,Te Anau,NZ,2022-12-21 04:17:51,-45.4167,167.7167,69.66,42,9,2.8
306,Santa Helena De Goias,BR,2022-12-21 04:17:51,-17.8136,-50.5969,69.67,93,92,4.56
307,Zherdevka,RU,2022-12-21 04:17:52,51.8486,41.4606,25.84,95,91,7.38
308,Dikson,RU,2022-12-21 04:17:52,73.5069,80.5464,-1.43,95,100,8.43
309,Olavarria,AR,2022-12-21 04:13:36,-36.8927,-60.3225,68.02,82,28,14.72
310,Lingao,CN,2022-12-21 04:17:52,19.9103,109.6859,64.02,57,96,11.27
311,Navalmoral De La Mata,ES,2022-12-21 04:13:38,39.8916,-5.5406,53.96,95,100,5.32
312,Chanute,US,2022-12-21 04:17:53,37.6792,-95.4572,26.71,74,100,6.91
313,Longyearbyen,SJ,2022-12-21 04:17:53,78.2186,15.6401,10.24,72,40,10.36
314,Martorell,ES,2022-12-21 04:17:53,41.474,1.9306,57.34,80,0,6.91
315,Elizabeth City,US,2022-12-21 04:17:54,36.2946,-76.2511,38.01,83,0,5.75
316,Mandapam,IN,2022-12-21 04:17:54,9.2833,79.1167,77.43,83,100,21.92
317,Ano Mera,GR,2022-12-21 04:17:54,37.45,25.4,52.52,65,16,31.63
318,Kharp,RU,2022-12-21 04:17:54,66.8014,65.8081,-9.47,84,100,3.67
319,Davila,PH,2022-12-21 04:17:55,18.4726,120.5763,78.78,86,81,25.75
320,Andros Town,BS,2022-12-21 04:17:55,24.7,-77.7667,73.36,76,95,5.55
321,Terenos,BR,2022-12-21 04:17:55,-20.4422,-54.8603,76.71,69,0,8.05
322,Arlit,NE,2022-12-21 04:17:56,18.7369,7.3853,60.49,40,1,17.38
323,Kasongo-Lunda,CD,2022-12-21 04:18:56,-6.4667,16.8167,65.82,97,94,0.67
324,Butembo,CD,2022-12-21 04:18:56,0.15,29.2833,57.43,94,93,2.75
325,Vestmanna,FO,2022-12-21 04:18:57,62.1564,-7.1664,40.12,93,100,6.91
326,Tevriz,RU,2022-12-21 04:18:57,57.509,72.4042,-9.83,99,31,4.63
327,Pinyug,RU,2022-12-21 04:18:57,60.251,47.7842,-13.76,100,100,1.36
328,Iskateley,RU,2022-12-21 04:18:58,67.6803,53.1512,-18.96,98,18,1.21
329,Marzuq,YE,2022-12-21 04:18:58,14.4,46.4667,57.29,43,1,0.47
330,Amurzet,RU,2022-12-21 04:18:58,47.6967,131.0981,2.91,71,85,8.5
331,Jvari,GE,2022-12-21 04:18:59,42.7169,42.052,36.93,70,12,6.87
332,Zabid,YE,2022-12-21 04:18:59,14.1951,43.3152,72.86,69,6,2.15
333,Somerton,US,2022-12-21 04:18:59,32.5964,-114.7097,51.51,32,0,0.0
334,Walvis Bay,NA,2022-12-21 04:15:03,-22.9575,14.5053,64.09,95,4,3.4
335,Shingu,JP,2022-12-21 04:19:00,33.7333,135.9833,52.56,59,29,5.53
336,Jeremie,HT,2022-12-21 04:19:00,18.65,-74.1167,75.85,80,5,2.95
337,Kahului,US,2022-12-21 04:19:00,20.8947,-156.47,75.85,69,20,8.05
338,Zalantun,CN,2022-12-21 04:19:01,48.0,122.7167,3.94,82,100,9.19
339,Antofagasta,CL,2022-12-21 04:17:43,-23.65,-70.4,65.48,75,39,5.79
340,Griffith,US,2022-12-21 04:19:01,41.5284,-87.4237,31.05,81,100,6.91
341,Tautira,PF,2022-12-21 04:19:02,-17.7333,-149.15,79.48,83,85,13.82
342,Surandai,IN,2022-12-21 04:19:02,8.9667,77.4,78.51,74,98,5.03
343,Kaeo,NZ,2022-12-21 04:19:02,-35.1,173.7833,74.32,73,1,8.16
344,Progreso,MX,2022-12-21 04:19:03,21.2833,-89.6667,71.71,84,5,8.81
345,Imbituba,BR,2022-12-21 04:19:03,-28.24,-48.6703,71.85,88,73,4.21
346,Acoyapa,NI,2022-12-21 04:19:03,11.9703,-85.1711,72.7,88,3,10.69
347,Tiznit,MA,2022-12-21 04:19:04,29.5833,-9.5,57.97,40,1,4.5
348,Ajaccio,FR,2022-12-21 04:19:04,42.0,8.9167,41.05,81,100,9.22
349,Avera,US,2022-12-21 04:16:37,33.194,-82.5271,38.71,78,100,9.19
350,Concepcion Del Oro,MX,2022-12-21 04:19:05,24.6333,-101.4167,49.62,70,47,5.77
351,Meulaboh,ID,2022-12-21 04:19:05,4.1363,96.1285,80.96,70,96,0.98
352,Puerto Escondido,MX,2022-12-21 04:19:05,15.85,-97.0667,77.83,78,0,3.44
353,Folldal,NO,2022-12-21 04:19:06,62.1325,9.9968,18.93,98,100,3.91
354,Bethel,US,2022-12-21 04:19:06,41.3712,-73.414,28.94,75,0,1.99
355,Kovdor,RU,2022-12-21 04:19:06,67.5662,30.4758,19.18,94,100,9.22
356,Nemuro,JP,2022-12-21 04:19:06,43.3236,145.575,29.71,50,32,4.43
357,Newala,TZ,2022-12-21 04:19:07,-10.9431,39.2787,69.26,88,87,2.75
358,Cururupu,BR,2022-12-21 04:19:07,-1.8283,-44.8683,74.14,93,73,2.33
359,Codrington,AU,2022-12-21 04:19:07,-38.2667,141.9667,77.67,33,100,17.36
360,Wasilla,US,2022-12-21 04:19:08,61.5814,-149.4394,8.73,61,0,12.66
361,Coquimbo,CL,2022-12-21 04:19:08,-29.9533,-71.3436,60.53,94,0,2.3
362,Port Lincoln,AU,2022-12-21 04:15:07,-34.7333,135.8667,74.35,56,20,9.33
363,Mahebourg,MU,2022-12-21 04:19:08,-20.4081,57.7,80.89,65,40,6.91
364,Kavieng,PG,2022-12-21 04:15:26,-2.5744,150.7967,83.48,75,100,8.19
365,Galle,LK,2022-12-21 04:15:01,6.0367,80.217,80.47,79,74,5.88
366,Kirkwall,GB,2022-12-21 04:19:09,58.9848,-2.9587,41.05,81,88,13.8
367,Mae Sai,TH,2022-12-21 04:19:09,20.4335,99.8762,77.74,54,68,1.9
368,Niimi,JP,2022-12-21 04:19:10,34.9833,133.4667,45.54,69,97,2.37
369,Qaqortoq,GL,2022-12-21 04:20:10,60.7167,-46.0333,8.62,61,0,8.86
370,Kiama,AU,2022-12-21 04:20:10,-34.6833,150.8667,73.26,58,16,5.99
371,Manitouwadge,CA,2022-12-21 04:20:11,49.1215,-85.8403,1.76,93,100,6.62
372,Biltine,TD,2022-12-21 04:20:11,14.5333,20.9167,65.97,38,16,7.63
373,Margate,GB,2022-12-21 04:19:45,51.3813,1.3862,45.7,88,86,3.0
374,Longview,US,2022-12-21 04:20:11,32.5007,-94.7405,37.65,90,75,0.0
375,Dzhebariki-Khaya,RU,2022-12-21 04:20:12,62.2167,135.8,-25.8,98,93,1.1
376,Tokmak,UA,2022-12-21 04:20:12,47.2514,35.7058,32.58,65,100,5.57
377,Kununurra,AU,2022-12-21 04:20:12,-15.7667,128.7333,89.58,55,93,12.66
378,Krasnaya Polyana,RU,2022-12-21 04:20:13,56.242,51.1442,-3.06,100,92,2.42
379,Amparafaravola,MG,2022-12-21 04:20:13,-17.5833,48.2167,73.06,78,100,2.77
380,Umm Lajj,SA,2022-12-21 04:17:18,25.0213,37.2685,72.1,53,6,8.32
381,Harper,LR,2022-12-21 04:20:13,4.375,-7.7169,77.18,84,92,3.38
382,Nanga Eboko,CM,2022-12-21 04:20:14,4.6833,12.3667,66.69,97,82,0.4
383,Kyshtovka,RU,2022-12-21 04:20:14,56.555,76.6271,2.21,96,100,4.54
384,Hays,US,2022-12-21 04:20:15,30.0502,-98.0336,46.6,88,29,1.99
385,Huron,US,2022-12-21 04:20:15,41.1501,-82.5499,27.72,88,34,4.43
386,Toora-Khem,RU,2022-12-21 04:20:15,52.4675,96.11,10.71,89,96,2.08
387,Iwaki,JP,2022-12-21 04:20:15,37.05,140.8833,49.77,56,100,4.81
388,Nyrob,RU,2022-12-21 04:20:16,60.733,56.7202,-11.18,100,97,3.51
389,Eureka,US,2022-12-21 04:20:16,40.8021,-124.1637,52.41,95,99,3.76
390,Dawlatabad,AF,2022-12-21 04:20:16,36.4141,64.9053,41.54,66,81,3.51
391,Fare,PF,2022-12-21 04:20:17,-16.7,-151.0167,80.37,78,54,17.63
392,Uglegorsk,RU,2022-12-21 04:20:17,49.0833,142.0333,14.77,73,100,1.77
393,Wana,PK,2022-12-21 04:20:17,32.2989,69.5725,48.31,35,0,2.48
394,Santa Cruz,BO,2022-12-21 04:16:30,-17.8,-63.1667,76.46,83,4,4.61
395,Sun Valley,US,2022-12-21 04:20:18,39.5963,-119.776,38.48,76,75,5.75
396,Petrolina,BR,2022-12-21 04:16:01,-9.3986,-40.5008,69.85,88,0,2.3
397,Luderitz,NA,2022-12-21 04:20:18,-26.6481,15.1594,63.07,80,0,7.25
398,Quatre Cocos,MU,2022-12-21 04:20:19,-20.2078,57.7625,80.71,68,13,9.44
399,Moyale,KE,2022-12-21 04:20:19,3.5167,39.0584,67.05,39,100,6.76
400,Teguldet,RU,2022-12-21 04:20:19,57.3064,88.1667,19.63,93,100,10.04
401,Korampallam,IN,2022-12-21 04:20:20,8.7667,78.1,84.49,61,40,13.8
402,Pochutla,MX,2022-12-21 04:20:20,15.7432,-96.4661,74.82,75,7,3.13
403,Cockburn Town,TC,2022-12-21 04:20:20,21.4612,-71.1419,78.57,74,0,15.32
404,Tabou,CI,2022-12-21 04:20:21,4.423,-7.3528,77.0,85,89,4.34
405,Lumphat,KH,2022-12-21 04:20:21,13.4878,106.9816,85.96,46,100,3.6
406,Vanimo,PG,2022-12-21 04:20:21,-2.6741,141.3028,78.96,87,100,3.87
407,Kushima,JP,2022-12-21 04:20:22,31.4583,131.2333,58.26,85,100,11.21
408,Quelimane,MZ,2022-12-21 04:20:22,-17.8786,36.8883,74.17,91,100,4.03
409,Lebu,CL,2022-12-21 04:20:22,-37.6167,-73.65,56.61,95,11,6.71
410,Chara,RU,2022-12-21 04:20:23,56.9064,118.2631,-13.16,89,76,1.41
411,Kruisfontein,ZA,2022-12-21 04:20:23,-34.0033,24.7314,58.89,80,100,4.27
412,Fjellstrand,NO,2022-12-21 04:20:24,59.7981,10.6163,37.67,1,100,1.3
413,Tobias Barreto,BR,2022-12-21 04:20:24,-11.1839,-37.9983,70.45,95,18,5.61
414,Madhupur,IN,2022-12-21 04:20:24,24.25,86.65,69.98,34,20,6.6
415,Itarema,BR,2022-12-21 04:20:25,-2.9248,-39.9167,77.09,82,96,7.02
416,Pisco,PE,2022-12-21 04:21:25,-13.7,-76.2167,69.85,83,0,3.44
417,Havoysund,NO,2022-12-21 04:21:26,70.9963,24.6622,26.83,84,100,17.96
418,Rongcheng,CN,2022-12-21 04:21:26,30.634,117.8517,51.35,35,0,6.22
419,Guaduas,CO,2022-12-21 04:21:27,5.0669,-74.595,64.0,95,92,2.68
420,Hamada,JP,2022-12-21 04:21:27,34.8833,132.0833,41.72,90,100,7.99
421,Popondetta,PG,2022-12-21 04:21:28,-8.7537,148.2534,91.13,51,40,8.59
422,Deputatskiy,RU,2022-12-21 04:21:28,69.3,139.9,-8.81,99,99,2.24
423,Zhangye,CN,2022-12-21 04:21:29,38.9342,100.4517,30.99,39,0,1.05
424,Jalu,LY,2022-12-21 04:21:30,29.0331,21.5482,49.96,75,0,8.52
425,Sur,OM,2022-12-21 04:21:30,22.5667,59.5289,74.73,49,0,6.2
426,Wagga Wagga,AU,2022-12-21 04:21:31,-35.1167,147.3667,83.84,23,73,0.89
427,Talaya,RU,2022-12-21 04:21:31,61.3833,152.75,5.25,96,100,4.61
428,Ruidoso,US,2022-12-21 04:21:32,33.3317,-105.673,32.76,40,100,4.61
429,Durant,US,2022-12-21 04:21:32,33.994,-96.3708,35.58,85,8,8.63
430,Turbat,PK,2022-12-21 04:21:32,26.0023,63.044,63.25,25,0,18.77
431,Presidente Epitacio,BR,2022-12-21 04:21:05,-21.7633,-52.1156,72.68,71,4,9.1
432,Aripuana,BR,2022-12-21 04:21:33,-9.1667,-60.6333,72.12,99,100,1.9
433,Valparaiso,CL,2022-12-21 04:21:33,-33.0393,-71.6273,62.24,77,0,5.75
434,Morlaix,FR,2022-12-21 04:21:34,48.5833,-4.0,51.85,92,75,11.5
435,Garissa,KE,2022-12-21 04:21:34,-0.4536,39.6401,75.72,81,51,5.5
436,Banikoara,BJ,2022-12-21 04:21:34,11.2985,2.4386,66.7,22,81,4.79
437,Hobyo,SO,2022-12-21 04:21:35,5.3505,48.5268,79.18,77,35,20.54
438,Grand Gaube,MU,2022-12-21 04:21:35,-20.0064,57.6608,81.0,65,8,10.0
439,Shimoda,JP,2022-12-21 04:21:35,34.6667,138.95,50.36,58,62,9.57
440,Raga,SS,2022-12-21 04:21:36,8.4596,25.678,69.91,36,60,3.42
441,Bondo,CD,2022-12-21 04:21:36,3.8146,23.6866,69.51,83,89,1.83
442,Gawler,AU,2022-12-21 04:20:55,-34.6,138.7333,81.46,63,97,10.8
443,Dalvik,IS,2022-12-21 04:21:37,65.9702,-18.5286,28.33,89,100,24.92
444,Wattegama,LK,2022-12-21 04:21:37,6.7989,81.4808,79.12,78,100,5.77
445,Malangwa,NP,2022-12-21 04:21:37,26.8568,85.5581,69.28,53,9,5.14
446,Sai Buri,TH,2022-12-21 04:21:38,6.7013,101.6168,83.91,83,100,9.24
447,Punta De Piedra,VE,2022-12-21 04:21:38,7.6176,-71.4916,71.56,72,80,2.28
448,Belaya Gora,RU,2022-12-21 04:21:38,68.5333,146.4167,-6.75,99,100,2.44
449,Bibiani,GH,2022-12-21 04:21:39,6.4635,-2.3194,66.47,48,39,2.26
450,La Asuncion,VE,2022-12-21 04:21:39,11.0333,-63.8628,78.53,94,0,6.91
451,Altamirano,MX,2022-12-21 04:21:39,16.8833,-92.15,53.53,99,47,1.48
452,Charagua,BO,2022-12-21 04:21:39,-19.8,-63.2167,70.9,65,34,4.88
453,Urucara,BR,2022-12-21 04:21:40,-2.5364,-57.76,73.22,95,100,0.36
454,Hoquiam,US,2022-12-21 04:21:40,46.9809,-123.8893,39.0,70,75,8.05
455,Imeni Poliny Osipenko,RU,2022-12-21 04:21:40,52.4201,136.4853,-10.68,92,99,3.78
456,Lianzhou,CN,2022-12-21 04:21:41,24.7811,112.3825,60.39,27,0,7.63
457,Irati,BR,2022-12-21 04:21:41,-25.4672,-50.6511,55.15,99,44,2.53
458,Pinotepa Nacional,MX,2022-12-21 04:22:41,16.3167,-98.0167,70.9,80,0,2.64
459,Nioro,GM,2022-12-21 04:22:42,13.35,-15.75,70.9,17,0,6.69
460,Byron Bay,AU,2022-12-21 04:22:42,-28.65,153.6167,75.94,60,65,9.35
461,Pokhara,NP,2022-12-21 04:22:28,28.2333,83.9833,64.06,48,1,3.87
462,Belaya Kholunitsa,RU,2022-12-21 04:22:42,58.84,50.8528,-19.08,100,97,1.74
463,Tarauaca,BR,2022-12-21 04:22:43,-8.1614,-70.7656,70.86,99,100,1.3
464,Pacific Grove,US,2022-12-21 04:22:43,36.6177,-121.9166,49.82,89,0,3.44
465,Tres Arroyos,AR,2022-12-21 04:22:43,-38.3739,-60.2798,71.78,48,73,18.45
466,Alyangula,AU,2022-12-21 04:22:39,-13.8483,136.4192,79.77,88,100,12.75
467,Gari,RU,2022-12-21 04:22:44,59.4307,62.3497,-0.33,94,78,8.39
468,Carlsbad,US,2022-12-21 04:22:25,33.1581,-117.3506,57.25,80,0,4.0
469,Tocopilla,CL,2022-12-21 04:22:44,-22.092,-70.1979,71.06,71,0,5.3
470,Miquelon,PM,2022-12-21 04:22:44,47.0975,-56.3814,33.8,70,55,22.1
471,Duku,NG,2022-12-21 04:22:45,11.2361,4.9073,67.77,25,69,8.01
472,Sao Jose Da Coroa Grande,BR,2022-12-21 04:22:18,-8.8978,-35.1478,76.62,77,18,3.33
473,Djenne,ML,2022-12-21 04:22:45,13.9061,-4.5533,71.89,14,100,10.38
474,Tecoanapa,MX,2022-12-21 04:22:45,16.5167,-98.75,74.86,80,0,3.78
475,Chokurdakh,RU,2022-12-21 04:21:14,70.6333,147.9167,-9.47,99,69,4.14
476,Amet,IN,2022-12-21 04:22:46,25.3,73.9333,67.01,24,64,4.7
477,Evensk,RU,2022-12-21 04:22:46,61.95,159.2333,32.47,62,100,42.59
478,Sabang,ID,2022-12-21 04:22:47,5.8933,95.3214,81.3,78,99,15.86
479,Mudanya,TR,2022-12-21 04:21:15,40.3753,28.8822,38.97,73,3,5.53
480,Goderich,CA,2022-12-21 04:20:23,43.7501,-81.7165,33.91,80,22,13.8
481,Aasiaat,GL,2022-12-21 04:22:47,68.7098,-52.8699,2.61,78,29,5.08
482,Rincon,US,2022-12-21 04:22:47,32.296,-81.2354,44.85,87,100,12.66
483,Mantua,IT,2022-12-21 04:22:48,45.1667,10.7833,42.04,91,100,1.99
484,Tucuma,BR,2022-12-21 04:22:48,-0.1833,-50.05,74.53,93,99,4.47
485,Nimbahera,IN,2022-12-21 04:22:48,24.6167,74.6833,68.59,37,38,4.7
486,Panaba,MX,2022-12-21 04:22:49,21.2833,-88.2667,70.9,92,67,4.36
487,Nawa,IN,2022-12-21 04:22:49,27.0167,75.0,62.85,26,0,5.06
488,Tarakan,ID,2022-12-21 04:19:56,3.3,117.6333,85.5,74,20,3.44
489,Riviere-Au-Renard,CA,2022-12-21 04:22:49,48.9957,-64.3971,26.89,82,99,4.92
490,Kismayo,SO,2022-12-21 04:19:59,-0.3582,42.5454,79.57,78,93,14.76
491,Mamit,IN,2022-12-21 04:22:50,23.9333,92.4833,68.83,68,20,3.44
492,Pershotravneve,UA,2022-12-21 04:22:50,51.3929,28.8684,32.25,90,100,6.02
493,Mildura,AU,2022-12-21 04:20:59,-34.2,142.15,77.07,50,100,5.57
494,Port-Cartier,CA,2022-12-21 04:22:50,50.0334,-66.8654,28.08,92,95,4.9
495,Corinto,GR,2022-12-21 04:22:51,37.9407,22.9573,42.42,77,7,4.21
496,West Bay,KY,2022-12-21 04:22:51,19.3667,-81.4167,79.0,86,1,1.01
497,Cubuk,TR,2022-12-21 04:22:51,40.2386,33.0322,30.76,80,40,6.91
498,Havelock,US,2022-12-21 04:22:52,34.8791,-76.9013,42.75,72,40,9.22
499,Los Llanos De Aridane,ES,2022-12-21 04:22:52,28.6585,-17.9182,60.55,61,0,8.05
500,Okitipupa,NG,2022-12-21 04:22:52,6.5047,4.7839,69.58,93,54,2.93
501,Aklavik,CA,2022-12-21 04:22:53,68.2191,-135.0107,-3.87,89,99,13.24
502,Prieska,ZA,2022-12-21 04:22:53,-29.6641,22.7474,65.39,52,0,14.36
503,Luena,AO,2022-12-21 04:23:53,-11.7833,19.9167,62.46,96,99,3.98
504,Kushiro,JP,2022-12-21 04:23:54,42.975,144.3747,34.75,47,75,3.44
505,Bail Hongal,IN,2022-12-21 04:23:54,15.8167,74.8667,72.64,57,100,9.4
506,Pacasmayo,PE,2022-12-21 04:23:54,-7.4006,-79.5714,69.84,81,84,9.06
507,San Quintin,MX,2022-12-21 04:23:55,30.4833,-115.95,56.98,68,0,8.66
508,Zaton,RU,2022-12-21 04:23:55,53.2936,83.8072,18.99,67,0,6.71
509,Camapua,BR,2022-12-21 04:23:55,-19.5314,-54.0439,71.6,82,32,2.46
510,Siva,EG,2022-12-21 04:23:56,29.2041,25.5195,55.71,79,6,7.94
511,Pangai,TO,2022-12-21 04:23:56,-19.8,-174.35,84.31,70,20,10.36
512,Artyshta,RU,2022-12-21 04:23:56,54.1222,86.2909,18.09,84,54,8.79
513,Gorontalo,ID,2022-12-21 04:23:56,0.5412,123.0595,88.03,61,100,3.74
514,Northam,GB,2022-12-21 04:23:57,51.0333,-4.2167,48.38,96,94,17.78
515,San Fernando,PH,2022-12-21 04:23:57,15.0286,120.6898,89.33,54,91,5.82
516,Lima,PE,2022-12-21 04:21:37,-12.0432,-77.0282,71.91,79,40,16.11
517,Hovd,MN,2022-12-21 04:23:57,48.0056,91.6419,7.38,81,11,1.21
518,Shaunavon,CA,2022-12-21 04:22:17,49.6501,-108.4181,-18.62,98,100,6.13
519,Alugan,PH,2022-12-21 04:23:58,12.2188,125.4808,79.5,85,100,9.69
520,Pringsewu,ID,2022-12-21 04:23:58,-5.3582,104.9744,86.14,69,68,1.52
521,Puerto El Triunfo,SV,2022-12-21 04:23:58,13.2833,-88.55,75.07,75,0,4.65
522,Surt,LY,2022-12-21 04:19:11,31.2089,16.5887,60.89,80,76,5.57
523,Pokrovsk,UA,2022-12-21 04:23:59,48.282,37.1758,29.46,54,100,8.99
524,Ixtapa,MX,2022-12-21 04:23:59,20.7,-105.2,71.22,88,0,3.44
525,Chapais,CA,2022-12-21 04:20:31,49.7834,-74.8492,19.18,94,100,7.38
526,Sokoni,TZ,2022-12-21 04:24:00,-6.4333,39.55,80.76,78,96,13.13
527,Caravelas,BR,2022-12-21 04:19:27,-17.7125,-39.2481,74.73,92,96,9.19
528,Le Port,RE,2022-12-21 04:24:00,-20.9373,55.2919,82.4,62,99,8.63
529,Alpinopolis,BR,2022-12-21 04:24:00,-20.8636,-46.3881,62.56,97,6,1.74
530,Ngunguru,NZ,2022-12-21 04:24:01,-35.6167,174.5,69.94,71,14,12.19
531,Malindi,KE,2022-12-21 04:24:01,-3.2175,40.1191,77.16,83,20,0.0
532,Cocoa Beach,US,2022-12-21 04:24:01,28.32,-80.6076,67.05,87,100,13.13
533,Arcata,US,2022-12-21 04:20:37,40.8665,-124.0828,52.41,93,100,0.0
534,Vila Franca Do Campo,PT,2022-12-21 04:24:02,37.7167,-25.4333,67.19,96,99,13.35
535,Launceston,AU,2022-12-21 04:24:02,-41.45,147.1667,71.62,49,75,6.91
536,Kysyl-Syr,RU,2022-12-21 04:24:03,63.8986,122.7617,-36.27,99,100,1.99
537,Sande,DE,2022-12-21 04:24:03,53.5049,8.0142,46.22,95,78,6.69
538,Shimanovsk,RU,2022-12-21 04:24:04,52.0,127.7,-12.15,88,100,4.56
539,Kollam,IN,2022-12-21 04:24:04,8.8833,76.6,81.81,67,88,7.99
540,Vardo,NO,2022-12-21 04:22:02,70.3705,31.1107,26.58,74,20,13.8
541,Rondonopolis,BR,2022-12-21 04:24:05,-16.4708,-54.6356,73.33,90,86,0.96
542,Dashitou,CN,2022-12-21 04:24:05,43.3067,128.5114,18.84,90,100,4.27
543,Qandala,SO,2022-12-21 04:24:06,11.472,49.8728,76.37,75,29,7.0
544,Pandan,PH,2022-12-21 04:24:06,14.0453,124.1694,81.54,72,55,6.02
545,Kangaatsiaq,GL,2022-12-21 04:24:07,68.3065,-53.4641,7.47,74,31,6.49
546,Broken Hill,AU,2022-12-21 04:24:07,-31.95,141.4333,83.17,39,93,12.01
547,Kennett,US,2022-12-21 04:21:50,36.2362,-90.0556,37.96,66,0,11.5
548,Ayan,RU,2022-12-21 04:24:08,56.45,138.1667,0.64,87,100,14.9
549,Vagur,FO,2022-12-21 04:24:08,61.4732,-6.8119,45.18,83,99,20.94
550,Altea,ES,2022-12-21 04:24:09,38.5989,-0.0514,62.69,67,41,8.08
551,Mgandu,TZ,2022-12-21 04:25:10,-5.95,34.1333,61.23,86,100,2.53
552,Mouzouras,GR,2022-12-21 04:25:11,35.5333,24.15,50.79,69,97,4.0
553,Siguiri,GN,2022-12-21 04:25:11,11.6667,-9.5,72.5,18,100,4.97
554,Lincoln,US,2022-12-21 04:21:25,40.8,-96.667,7.29,79,0,9.22
555,Praya,CV,2022-12-21 04:25:11,14.9215,-23.5087,73.94,78,0,18.41
556,Madimba,TZ,2022-12-21 04:25:12,-10.4,40.3333,80.2,80,100,7.45
557,Murray Bridge,AU,2022-12-21 04:25:12,-35.1167,139.2667,86.13,44,100,9.42
558,Pasighat,IN,2022-12-21 04:25:13,28.0667,95.3333,71.94,37,82,3.2
559,Port Hardy,CA,2022-12-21 04:25:13,50.6996,-127.4199,21.38,73,40,9.22
560,Vares,BA,2022-12-21 04:25:14,44.1644,18.3283,24.22,70,9,3.98
561,Canon City,US,2022-12-21 04:25:14,38.441,-105.2424,37.71,38,99,5.97
562,Thanh Hoa,VN,2022-12-21 04:25:15,19.8,105.7667,62.6,45,97,5.88
563,Capul,PH,2022-12-21 04:25:15,12.4237,124.1811,80.15,80,100,7.61
564,Japura,ID,2022-12-21 04:25:16,-0.3167,102.35,85.03,69,99,4.36
565,Maniitsoq,GL,2022-12-21 04:25:16,65.4167,-52.9,17.49,58,36,5.66
566,Garowe,SO,2022-12-21 04:25:17,8.4054,48.4845,70.18,76,60,10.89
567,Mnogovershinnyy,RU,2022-12-21 04:25:17,53.9353,139.9242,-2.94,88,100,6.85
568,Poum,NC,2022-12-21 04:25:17,-20.2333,164.0167,78.01,80,64,23.71
569,Seymchan,RU,2022-12-21 04:25:18,62.8833,152.4333,7.05,91,100,6.11
570,Wajima,JP,2022-12-21 04:25:18,37.4,136.9,41.68,93,75,1.14
571,Asau,RO,2022-12-21 04:25:19,46.4333,26.4,25.72,27,18,5.77
